guest,word,score
黄圣依性格,讨厌,-3.21533460349
黄圣依性格,喜欢,2.3566957262
黄圣依性格,道理,0.221747418403
黄圣依性格,爱人,1.9606614446
黄圣依性格,碎,-1.75700888809
黄圣依性格,教养,-0.236080795217
黄圣依性格,温和,2.44420583
黄圣依性格,忍耐力,-1.85522163669
黄圣依性格,成功,1.57591796087
黄圣依性格,讨厌,-3.21533460349
黄圣依性格,爱人,1.9606614446
黄圣依性格,完全,-0.732156895064
黄圣依性格,喜欢,2.3566957262
黄圣依性格,好,2.07329376355
黄圣依性格,温和,2.44420583
黄圣依性格,不争,-1.04350768399
黄圣依性格,崩溃,-3.62508466442
黄圣依性格,有钱,-0.596104427648
黄圣依性格,起来,-0.313368979286
黄圣依性格,窒息,-2.43130571485
黄圣依性格,需要,0.441937124228
黄圣依性格,放弃,-0.282460992566
黄圣依性格,自我,0.484853567827
黄圣依性格,好,2.07329376355
黄圣依性格,无奈,-1.77939806304
黄圣依性格,其实,0.162622900364
黄圣依性格,很多,0.590056545724
黄圣依性格,爱人,1.9606614446
黄圣依性格,自信,1.49991685227
黄圣依性格,果断,-0.462413419515
黄圣依性格,强势,1.48931241794
黄圣依性格,对抗,0.715692529322
黄圣依性格,决定,0.257593624325
黄圣依性格,完全,-0.732156895064
黄圣依性格,根本,-1.027889243
黄圣依性格,知道,-0.316330302785
黄圣依性格,喜欢,2.3566957262
黄圣依性格,可怜,-2.38414056376
黄圣依性格,怀疑,-1.24975065406
黄圣依性格,不错,2.65135097006
黄圣依性格,爱人,1.9606614446
黄圣依性格,死,-1.45279509002
黄圣依性格,冷静,-0.0957668923835
黄圣依性格,开心,2.61234173173
黄圣依性格,漂亮,2.23552351188
黄圣依性格,冷若冰霜,-1.02384448168
黄圣依性格,教养,-0.236080795217
黄圣依性格,好,2.07329376355
黄圣依性格,欢笑,1.07055018686
黄圣依性格,清醒,-1.47050672345
黄圣依性格,娱乐,1.28942540249
黄圣依性格,爱人,1.9606614446
黄圣依性格,爱人,1.9606614446
黄圣依性格,通透,2.0
黄圣依性格,希望,1.03220855601
黄圣依性格,达到,1.51074700685
黄圣依性格,理想,2.25142928373
黄圣依性格,通透,2.0
黄圣依性格,确实,0.0781768333788
黄圣依性格,不好,-1.38899748421
黄圣依性格,争辩,0.0376450757707
黄圣依性格,平静,1.15690244538
黄圣依性格,改观,0.587231383956
黄圣依性格,相反,-0.457753512031
黄圣依性格,急躁,-1.23246553973
黄圣依性格,懒得,-1.25038338315
黄圣依性格,书香门第,2.3307900536
黄圣依性格,好,2.07329376355
黄圣依性格,光芒,2.47568989875
黄圣依性格,需要,0.441937124228
黄圣依性格,绽放,3.41371973257
黄圣依性格,光芒,2.47568989875
黄圣依性格,明明,-2.56350192128
黄圣依性格,奇怪,-1.5193253102
黄圣依性格,警惕,0.106201637941
黄圣依性格,恩爱,0.597224769783
黄圣依性格,好,2.07329376355
黄圣依性格,严肃,0.492541850044
黄圣依性格,暴躁,-2.50531896514
黄圣依性格,温柔,2.0
黄圣依性格,包容,2.8739979373
黄圣依性格,清醒,-1.47050672345
黄圣依性格,重点,-0.432946500252
黄圣依性格,问题,-1.12998368608
黄圣依性格,实际,0.229231096014
黄圣依性格,差,-1.33719907363
黄圣依性格,不是,-2.0
黄圣依性格,伤心,-2.14533898418
黄圣依性格,爱人,1.9606614446
黄圣依性格,柔,2.16817224813
黄圣依性格,柔弱,-0.472626998532
黄圣依性格,弱,-0.867708520519
黄圣依性格,没想到,-0.133712410973
黄圣依性格,居然,-1.64359781894
黄圣依性格,忍受,-0.916960464637
黄圣依性格,爱人,1.9606614446
黄圣依性格,懦弱,-1.09764856217
黄圣依性格,体面,0.691972873854
黄圣依性格,正确,1.00923009809
黄圣依性格,一针见血,0.43262240444
黄圣依性格,爱人,1.9606614446
黄圣依性格,娱乐,1.28942540249
黄圣依性格,清心寡欲,-0.313919300366
黄圣依性格,似乎,-2.0
黄圣依性格,合作,1.79479133435
黄圣依性格,私下里,-2.0
黄圣依性格,资源,0.487302906087
黄圣依性格,没想到,-0.133712410973
黄圣依性格,惊喜,2.75810691181
黄圣依性格,不是,-2.0
黄圣依性格,君子,0.667408221172
黄圣依性格,绝对,0.314076965305
黄圣依性格,浪漫,2.40675069094
黄圣依性格,好运,2.09449614991
黄圣依性格,承认,-0.374774194902
黄圣依性格,爱人,1.9606614446
黄圣依性格,爱人,1.9606614446
黄圣依性格,可恨,-2.70656465934
黄圣依性格,其实,0.162622900364
黄圣依性格,可怜,-2.38414056376
黄圣依性格,可爱,2.5488941332
黄圣依性格,身世,-0.915008525002
黄圣依性格,爱人,1.9606614446
黄圣依性格,鸣不平,-1.03177249886
黄圣依性格,坚强,1.04795194284
黄圣依性格,巨大,-0.315226235219
黄圣依性格,诱惑力,0.880866423032
黄圣依性格,爱人,1.9606614446
黄圣依性格,怀疑,-1.24975065406
黄圣依性格,可能,-0.170657040911
黄圣依性格,辩护,-0.157254691547
黄圣依性格,强烈,0.281687551028
黄圣依性格,质疑,0.587981299825
黄圣依性格,支持,3.24540391651
黄圣依性格,的确,0.269080199206
黄圣依性格,老大,0.621167110469
黄圣依性格,老二,0.514233686961
黄圣依性格,满意,2.8393788785
黄圣依性格,老大,0.621167110469
黄圣依性格,可爱,2.5488941332
黄圣依性格,独立,1.58237352948
黄圣依性格,爱人,1.9606614446
黄圣依性格,收获,2.78319594189
黄圣依性格,不是,-2.0
黄圣依性格,离开,-0.490704168434
黄圣依性格,美貌,1.86903161791
黄圣依性格,偏见,0.270052632428
黄圣依性格,知道,-0.316330302785
黄圣依性格,教养,-0.236080795217
黄圣依性格,好,2.07329376355
黄圣依性格,特别,0.324544227082
黄圣依性格,适合,1.52893716687
黄圣依性格,美好,2.21483965864
黄圣依性格,束缚,0.442600856522
黄圣依性格,深情,1.24032380678
黄圣依性格,精心,2.54742101861
黄圣依性格,渴望,0.440457639751
黄圣依性格,感慨,-0.0236243589786
黄圣依性格,失去,-0.304262856127
黄圣依性格,珍贵,1.89244351217
黄圣依性格,希望,1.03220855601
黄圣依性格,获得,2.0
黄圣依性格,机会,1.11979680024
黄圣依性格,希望,1.03220855601
杨子性格,好,2.07329376355
杨子性格,难受,-3.77980013251
杨子性格,好,2.07329376355
杨子性格,般配,1.69506184507
杨子性格,没想到,-0.133712410973
杨子性格,耿直,1.16708718491
杨子性格,特别,0.324544227082
杨子性格,单纯,0.310870595294
杨子性格,耿直,1.16708718491
杨子性格,希望,1.03220855601
杨子性格,好好,0.791941660604
杨子性格,符合,1.03431230483
杨子性格,爱人,1.9606614446
杨子性格,脆弱,0.418137712121
杨子性格,确实,0.0781768333788
杨子性格,道理,0.221747418403
杨子性格,通透,2.0
杨子性格,希望,1.03220855601
杨子性格,达到,1.51074700685
杨子性格,理想,2.25142928373
杨子性格,通透,2.0
杨子性格,确实,0.0781768333788
杨子性格,不好,-1.38899748421
杨子性格,争辩,0.0376450757707
杨子性格,平静,1.15690244538
杨子性格,改观,0.587231383956
杨子性格,相反,-0.457753512031
杨子性格,急躁,-1.23246553973
杨子性格,尊重,2.0
杨子性格,可爱,2.5488941332
杨子性格,戏弄,-0.766378019315
杨子性格,好,2.07329376355
杨子性格,肯定,-0.43096083708
杨子性格,不是,-2.0
杨子性格,确实,0.0781768333788
杨子性格,不好,-1.38899748421
杨子性格,难受,-3.77980013251
杨子性格,麻木,-1.36823996016
杨子性格,不是,-2.0
杨子性格,柔,2.16817224813
杨子性格,柔弱,-0.472626998532
杨子性格,弱,-0.867708520519
杨子性格,没想到,-0.133712410973
杨子性格,居然,-1.64359781894
杨子性格,忍受,-0.916960464637
杨子性格,妖,-0.0243144148199
杨子性格,反感,-2.64258471633
杨子性格,误会,0.0394670677714
杨子性格,其实,0.162622900364
杨子性格,人格,-0.343333531348
杨子性格,善良,1.25682766731
杨子性格,邪恶,0.438332677625
杨子性格,完全,-0.732156895064
杨子性格,爱人,1.9606614446
杨子性格,宠辱不惊,2.03943867583
杨子性格,其实,0.162622900364
杨子性格,完全,-0.732156895064
杨子性格,聪慧,2.1230197891
杨子性格,睿智,2.58453612273
杨子性格,宠爱,1.85632693613
杨子性格,可惜,-2.0
杨子性格,其实,0.162622900364
杨子性格,完全,-0.732156895064
杨子性格,鬼,-1.5984414366
杨子性格,鬼,-1.5984414366
杨子性格,正常,-0.108867271984
杨子性格,不对劲,-2.0
杨子性格,岳母,0.610068086761
杨子性格,感同身受,-0.0660419910242
杨子性格,习惯,-0.334933436221
杨子性格,忤逆,-2.0
杨子性格,迁就,1.06739688179
杨子性格,委屈,-1.79414553611
杨子性格,决定,0.257593624325
杨子性格,儿戏,-0.263750537289
杨子性格,问题,-1.12998368608
杨子性格,特别,0.324544227082
杨子性格,清醒,-1.47050672345
杨子性格,抓住,0.887758612009
杨子性格,问题,-1.12998368608
杨子性格,核心,1.16537583799
杨子性格,问题,-1.12998368608
杨子性格,愿意,0.943207452628
杨子性格,解决,0.00727535035593
杨子性格,不是,-2.0
杨子性格,受不了,-2.88819799243
杨子性格,离婚,-0.340345729153
杨子性格,可能,-0.170657040911
杨子性格,忍耐,-1.75281231679
杨子性格,成长,2.18082729731
杨子性格,突然,-0.978321592012
杨子性格,可能,-0.170657040911
杨子性格,受不了,-2.88819799243
杨子性格,反驳,-0.505857419468
杨子性格,喜欢,2.3566957262
杨子性格,发疯,-1.2249040531
杨子性格,爱人,1.9606614446
杨子性格,厮混,0.943901934194
杨子性格,变动,-0.475141889725
杨子性格,变动,-0.475141889725
杨子性格,基本,1.0
杨子性格,基本,1.0
杨子性格,固定,0.0102414758993
杨子性格,固定,0.0102414758993
杨子性格,艺术,1.41355197205
杨子性格,人格,-0.343333531348
杨子性格,爱人,1.9606614446
杨子性格,长线,0.886139833809
杨子性格,可能,-0.170657040911
杨子性格,可能,-0.170657040911
杨子性格,获得,2.0
杨子性格,成就,2.0
杨子性格,实在,0.507501042206
杨子性格,获得,2.0
杨子性格,成就,2.0
杨子性格,获得,2.0
杨子性格,成就,2.0
杨子性格,成就,2.0
杨子性格,其实,0.162622900364
杨子性格,获得,2.0
杨子性格,成就,2.0
杨子性格,爱人,1.9606614446
杨子性格,爱人,1.9606614446
杨子性格,可恨,-2.70656465934
杨子性格,其实,0.162622900364
杨子性格,可怜,-2.38414056376
杨子性格,可爱,2.5488941332
杨子性格,身世,-0.915008525002
杨子性格,爱人,1.9606614446
杨子性格,鸣不平,-1.03177249886
杨子性格,坚强,1.04795194284
杨子性格,巨大,-0.315226235219
杨子性格,诱惑力,0.880866423032
杨子性格,一不小心,-0.809584404066
杨子性格,好,2.07329376355
杨子性格,朋友,0.997629821831
杨子性格,有趣,2.75864699301
杨子性格,真诚,2.2389454003
杨子性格,善良,1.25682766731
杨子性格,成为,1.47322230702
杨子性格,好,2.07329376355
杨子性格,朋友,0.997629821831
杨子性格,爱人,1.9606614446
杨子性格,过硬,1.24986557932
杨子性格,爱人,1.9606614446
杨子性格,爱上,1.53703358887
杨子性格,爱人,1.9606614446
杨子性格,爱人,1.9606614446
杨子性格,自以为是,-1.87971920123
杨子性格,思考,-0.146107065149
杨子性格,假,0.869782154388
杨子性格,最好,0.577717255946
麦琳性格,值得,2.36084310759
麦琳性格,中肯,1.11930122358
麦琳性格,喜欢,2.3566957262
麦琳性格,罪犯,-1.13511462283
麦琳性格,爱人,1.9606614446
麦琳性格,爱人,1.9606614446
麦琳性格,没法,-2.09711570538
麦琳性格,爱人,1.9606614446
麦琳性格,可能,-0.170657040911
麦琳性格,大方,2.42592300641
麦琳性格,调侃,0.426884329356
麦琳性格,可能,-0.170657040911
麦琳性格,好强,0.805134944438
麦琳性格,崩塌,-1.87188132157
麦琳性格,明明,-2.56350192128
麦琳性格,问题,-1.12998368608
麦琳性格,道德,-3.04896462789
麦琳性格,绑架,-1.14682107246
麦琳性格,批评,-0.419506440101
麦琳性格,典型,-0.280010326294
麦琳性格,扣帽子,-1.57500268829
麦琳性格,热点,0.514157155851
麦琳性格,忘记,-0.873412155492
麦琳性格,可能,-0.170657040911
麦琳性格,抵触,-1.11575060401
麦琳性格,反感,-2.64258471633
麦琳性格,恨,-0.981236005568
麦琳性格,恨,-0.981236005568
麦琳性格,希望,1.03220855601
麦琳性格,拐卖,-0.842735237972
麦琳性格,人身攻击,-2.0
麦琳性格,恶意,-0.670811565857
麦琳性格,辱骂,-1.97400250261
麦琳性格,不争,-1.04350768399
麦琳性格,稳定,0.973763232354
麦琳性格,揪心,-2.23411003193
麦琳性格,值得,2.36084310759
麦琳性格,安抚,0.0878698448087
麦琳性格,辩护,-0.157254691547
麦琳性格,愚,0.258595744985
麦琳性格,蠢,-1.24456036241
麦琳性格,问题,-1.12998368608
麦琳性格,人性,-0.431080846944
麦琳性格,问题,-1.12998368608
麦琳性格,很多,0.590056545724
麦琳性格,勒索,-0.172365162349
麦琳性格,反复,-0.352456500739
麦琳性格,攻击,-0.949389992035
麦琳性格,不好,-1.38899748421
麦琳性格,好,2.07329376355
麦琳性格,骂,-0.907804124384
麦琳性格,盈盈,-1.25758286253
麦琳性格,勇敢,2.49594765068
麦琳性格,生疏,-0.714254639967
麦琳性格,手忙脚乱,-0.857356828057
麦琳性格,活脱脱,-0.904998363748
麦琳性格,初出茅庐,1.32259964296
麦琳性格,新手,0.387399820096
麦琳性格,甜美,4.48307980713
麦琳性格,惊人,0.438049772092
麦琳性格,可能,-0.170657040911
麦琳性格,了解,1.25059574039
麦琳性格,口舌,-1.08049844118
麦琳性格,了解,1.25059574039
麦琳性格,沸沸扬扬,-0.596980597497
麦琳性格,典型性,-0.134539919874
麦琳性格,随便,1.0
麦琳性格,如日中天,1.11538270428
麦琳性格,光芒,2.47568989875
麦琳性格,口舌,-1.08049844118
麦琳性格,接受,0.182986337777
麦琳性格,爱人,1.9606614446
麦琳性格,正常,-0.108867271984
麦琳性格,骂,-0.907804124384
麦琳性格,乌合之众,-0.420624941681
麦琳性格,发泄,-1.50541471359
麦琳性格,好感,-0.275459423552
麦琳性格,依然,1.02182474571
麦琳性格,不适,-1.07768342918
麦琳性格,好,2.07329376355
麦琳性格,令人窒息,-2.0
麦琳性格,的确,0.269080199206
麦琳性格,情真意切,0.989289116668
麦琳性格,难,-1.44339297061
麦琳性格,好,2.07329376355
麦琳性格,暗示,-0.0298753850711
麦琳性格,攻击,-0.949389992035
麦琳性格,饶有兴致,2.0
麦琳性格,典型,-0.280010326294
麦琳性格,值得,2.36084310759
麦琳性格,知道,-0.316330302785
麦琳性格,当真,-0.797963371811
麦琳性格,根本,-1.027889243
麦琳性格,不是,-2.0
麦琳性格,典型,-0.280010326294
麦琳性格,典型,-0.280010326294
麦琳性格,清醒,-1.47050672345
麦琳性格,重点,-0.432946500252
麦琳性格,问题,-1.12998368608
麦琳性格,实际,0.229231096014
麦琳性格,差,-1.33719907363
麦琳性格,不是,-2.0
麦琳性格,伤心,-2.14533898418
麦琳性格,爱人,1.9606614446
麦琳性格,爱人,1.9606614446
麦琳性格,肯定,-0.43096083708
麦琳性格,问题,-1.12998368608
麦琳性格,需要,0.441937124228
麦琳性格,改善,2.0
麦琳性格,问题,-1.12998368608
麦琳性格,失去,-0.304262856127
麦琳性格,理智,-0.152636653762
麦琳性格,能力,0.192700928797
麦琳性格,刻薄,-0.605624674902
麦琳性格,差,-1.33719907363
麦琳性格,爱人,1.9606614446
麦琳性格,难以,-0.929265468745
麦琳性格,压抑,-1.51708524803
麦琳性格,爱人,1.9606614446
麦琳性格,受不了,-2.88819799243
麦琳性格,完全,-0.732156895064
麦琳性格,说白了,2.0
麦琳性格,稳定,0.973763232354
麦琳性格,愿意,0.943207452628
麦琳性格,迁就,1.06739688179
麦琳性格,一再,-0.769910121342
麦琳性格,耐心,0.548237477948
麦琳性格,问题,-1.12998368608
麦琳性格,不是,-2.0
麦琳性格,认同,1.41206918172
麦琳性格,成为,1.47322230702
麦琳性格,其实,0.162622900364
麦琳性格,迎合,0.424432472933
麦琳性格,助长,-0.529116614939
麦琳性格,受害者,-1.9371987132
麦琳性格,苦,-0.581386749602
麦琳性格,歧视,-1.6390500817
麦琳性格,完全,-0.732156895064
麦琳性格,不是,-2.0
麦琳性格,涉嫌,-0.585026405086
麦琳性格,黑,-0.647928502822
麦琳性格,强行,-1.65584509979
麦琳性格,问题,-1.12998368608
麦琳性格,八卦,0.42972438734
麦琳性格,干,-1.03530945922
麦琳性格,干,-1.03530945922
麦琳性格,问题,-1.12998368608
麦琳性格,懒,-0.34031178925
麦琳性格,八卦,0.42972438734
麦琳性格,干,-1.03530945922
麦琳性格,嫉妒,-0.156517307013
麦琳性格,其实,0.162622900364
麦琳性格,喜欢,2.3566957262
麦琳性格,好看,1.26216032158
麦琳性格,自然,0.359228262276
麦琳性格,无理取闹,-0.334371969093
麦琳性格,难,-1.44339297061
麦琳性格,喜欢,2.3566957262
麦琳性格,精力,2.0
麦琳性格,自觉,-0.00141594193776
麦琳性格,害怕,-1.98511596807
麦琳性格,自卑,-1.08641599357
麦琳性格,低调,1.57124553561
麦琳性格,讨厌,-3.21533460349
麦琳性格,不适,-1.07768342918
麦琳性格,知道,-0.316330302785
麦琳性格,长线,0.886139833809
麦琳性格,可能,-0.170657040911
麦琳性格,可能,-0.170657040911
麦琳性格,获得,2.0
麦琳性格,成就,2.0
麦琳性格,实在,0.507501042206
麦琳性格,获得,2.0
麦琳性格,成就,2.0
麦琳性格,获得,2.0
麦琳性格,成就,2.0
麦琳性格,成就,2.0
麦琳性格,其实,0.162622900364
麦琳性格,获得,2.0
麦琳性格,成就,2.0
麦琳性格,问题,-1.12998368608
麦琳性格,必要,-1.2387943492
麦琳性格,莫名其妙,-2.3226973793
麦琳性格,美好,2.21483965864
麦琳性格,一文不值,-2.0
麦琳性格,肯定,-0.43096083708
麦琳性格,低调,1.57124553561
麦琳性格,很多,0.590056545724
李行亮性格,公开,1.18597621742
李行亮性格,突然,-0.978321592012
李行亮性格,必须,0.327598562712
李行亮性格,正义,0.623126144634
李行亮性格,品味,3.04389337463
李行亮性格,其实,0.162622900364
李行亮性格,人格,-0.343333531348
李行亮性格,知道,-0.316330302785
李行亮性格,明明,-2.56350192128
李行亮性格,公平,0.252180507037
李行亮性格,知道,-0.316330302785
李行亮性格,自我,0.484853567827
李行亮性格,感动,0.919392125333
李行亮性格,诋毁,0.115935673844
李行亮性格,离婚,-0.340345729153
李行亮性格,希望,1.03220855601
李行亮性格,离婚,-0.340345729153
李行亮性格,很多,0.590056545724
李行亮性格,朋友,0.997629821831
李行亮性格,喜欢,2.3566957262
李行亮性格,落落大方,2.72114901945
李行亮性格,直肠子,-1.39964315945
李行亮性格,特别,0.324544227082
李行亮性格,好,2.07329376355
李行亮性格,爱人,1.9606614446
李行亮性格,生疏,-0.714254639967
李行亮性格,手忙脚乱,-0.857356828057
李行亮性格,活脱脱,-0.904998363748
李行亮性格,初出茅庐,1.32259964296
李行亮性格,新手,0.387399820096
李行亮性格,甜美,4.48307980713
李行亮性格,惊人,0.438049772092
李行亮性格,可能,-0.170657040911
李行亮性格,了解,1.25059574039
李行亮性格,离婚,-0.340345729153
李行亮性格,离婚,-0.340345729153
李行亮性格,折磨,-2.88728784411
李行亮性格,爱人,1.9606614446
李行亮性格,暴雨,-1.22720407107
李行亮性格,可能,-0.170657040911
李行亮性格,难受,-3.77980013251
李行亮性格,爱人,1.9606614446
李行亮性格,原来,-0.293616919899
李行亮性格,崩溃,-3.62508466442
李行亮性格,人格,-0.343333531348
李行亮性格,人格,-0.343333531348
李行亮性格,心口不一,-2.0
李行亮性格,极度,-2.22822416582
李行亮性格,爱面子,-0.107695774733
李行亮性格,小心眼,-1.26729605791
李行亮性格,多疑,-1.1865261211
李行亮性格,爱人,1.9606614446
李行亮性格,妖,-0.0243144148199
李行亮性格,拒绝,-1.02506599287
李行亮性格,必要,-1.2387943492
李行亮性格,可能,-0.170657040911
李行亮性格,可能,-0.170657040911
李行亮性格,可能,-0.170657040911
李行亮性格,理解,-0.34977485493
李行亮性格,自卑,-1.08641599357
李行亮性格,爆炸,-0.711363337571
李行亮性格,嫌弃,-1.70725085602
李行亮性格,爱人,1.9606614446
李行亮性格,自卑,-1.08641599357
李行亮性格,爱人,1.9606614446
李行亮性格,生气,-1.50294149269
李行亮性格,重要,2.0
李行亮性格,确实,0.0781768333788
李行亮性格,蛮,0.452617963803
李行亮性格,明显,0.0344197452651
李行亮性格,清楚,-0.232288031022
李行亮性格,欣赏,1.28865135784
李行亮性格,可能,-0.170657040911
李行亮性格,喜欢,2.3566957262
李行亮性格,好看,1.26216032158
李行亮性格,可爱,2.5488941332
李行亮性格,消失,-0.756634978777
李行亮性格,清醒,-1.47050672345
李行亮性格,重点,-0.432946500252
李行亮性格,问题,-1.12998368608
李行亮性格,实际,0.229231096014
李行亮性格,差,-1.33719907363
李行亮性格,不是,-2.0
李行亮性格,伤心,-2.14533898418
李行亮性格,爱人,1.9606614446
李行亮性格,爱人,1.9606614446
李行亮性格,难以,-0.929265468745
李行亮性格,压抑,-1.51708524803
李行亮性格,爱人,1.9606614446
李行亮性格,受不了,-2.88819799243
李行亮性格,完全,-0.732156895064
李行亮性格,说白了,2.0
李行亮性格,稳定,0.973763232354
李行亮性格,愿意,0.943207452628
李行亮性格,迁就,1.06739688179
李行亮性格,一再,-0.769910121342
李行亮性格,耐心,0.548237477948
李行亮性格,问题,-1.12998368608
李行亮性格,多疑,-1.1865261211
李行亮性格,可能,-0.170657040911
李行亮性格,外遇,-0.35121406001
李行亮性格,不好,-1.38899748421
李行亮性格,急躁,-1.23246553973
李行亮性格,夸大,-0.425819335616
李行亮性格,自负,-0.506009268763
李行亮性格,理想化,0.101804556785
李行亮性格,噘嘴,0.351150496481
李行亮性格,容易,2.0
李行亮性格,外遇,-0.35121406001
李行亮性格,容易,2.0
李行亮性格,辜负,-0.643002443256
李行亮性格,真心,2.0
李行亮性格,喜欢,2.3566957262
李行亮性格,喜欢,2.3566957262
李行亮性格,明显,0.0344197452651
李行亮性格,真实,0.498339439486
李行亮性格,爱人,1.9606614446
李行亮性格,身世,-0.915008525002
李行亮性格,朋友,0.997629821831
李行亮性格,一定,0.34635273151
李行亮性格,知道,-0.316330302785
李行亮性格,知道,-0.316330302785
李行亮性格,肯定,-0.43096083708
李行亮性格,哭诉,-1.19632849393
李行亮性格,必然,0.434678629161
李行亮性格,正常,-0.108867271984
李行亮性格,无可厚非,-0.17857624712
李行亮性格,好,2.07329376355
李行亮性格,爱人,1.9606614446
李行亮性格,爱人,1.9606614446
李行亮性格,设身处地,0.99533540636
李行亮性格,着想,0.341351747815
李行亮性格,通透,2.0
李行亮性格,粗心,-1.361201342
李行亮性格,关心,0.679321823175
李行亮性格,其实,0.162622900364
李行亮性格,相信,1.4629269537
李行亮性格,真爱,0.984196512066
李行亮性格,缺陷,0.00330266583543
李行亮性格,相信,1.4629269537
李行亮性格,增长,1.06111883943
李行亮性格,爱人,1.9606614446
李行亮性格,很多,0.590056545724
李行亮性格,悔过自新,0.215996785393
李行亮性格,矛盾,-1.81922264507
李行亮性格,似乎,-2.0
李行亮性格,一点点,-1.03702843151
李行亮性格,解开,0.464895881583
李行亮性格,感动,0.919392125333
李行亮性格,原形,-0.928417045687
李行亮性格,问题,-1.12998368608
李行亮性格,拥抱,1.64790154977
李行亮性格,爱人,1.9606614446
李行亮性格,怀疑,-1.24975065406
李行亮性格,好人,0.768914445174
李行亮性格,问题,-1.12998368608
李行亮性格,肯定,-0.43096083708
李行亮性格,不是,-2.0
李行亮性格,坏人,-1.61052003747
李行亮性格,坏人,-1.61052003747
李行亮性格,故意,-1.00088114889
李行亮性格,伤害,-0.827274794428
李行亮性格,脾气,-0.805382775722
李行亮性格,无奈,-1.77939806304
李行亮性格,有钱,-0.596104427648
李行亮性格,操心,-0.692505506357
李行亮性格,脾气,-0.805382775722
李行亮性格,好,2.07329376355
李行亮性格,身世,-0.915008525002
李行亮性格,抛弃,-1.62454722297
李行亮性格,叛逆,-0.17161464581
李行亮性格,身世,-0.915008525002
李行亮性格,成为,1.47322230702
李行亮性格,难以,-0.929265468745
李行亮性格,愈合,-0.156054084543
李行亮性格,创伤,-0.729298722286
李行亮性格,抛弃,-1.62454722297
李行亮性格,阴影,-2.0
李行亮性格,缺乏,-0.980689664372
李行亮性格,害怕,-1.98511596807
李行亮性格,不够,-1.00167786625
李行亮性格,好,2.07329376355
李行亮性格,成长,2.18082729731
李行亮性格,努力,1.23560876186
李行亮性格,危害,-0.0993733885139
李行亮性格,很多,0.590056545724
李行亮性格,知道,-0.316330302785
李行亮性格,最高,1.23680200685
李行亮性格,不是,-2.0
李行亮性格,不是,-2.0
葛夕性格,善良,1.25682766731
葛夕性格,容易,2.0
葛夕性格,成为,1.47322230702
葛夕性格,过度,-0.73982556103
葛夕性格,对不起,-1.539403075
葛夕性格,对不起,-1.539403075
葛夕性格,当然,1.3714116408
葛夕性格,好,2.07329376355
葛夕性格,爱人,1.9606614446
葛夕性格,爱人,1.9606614446
葛夕性格,好,2.07329376355
葛夕性格,生气,-1.50294149269
葛夕性格,好笑,1.43830397759
葛夕性格,坚决,-1.42251328008
葛夕性格,同意,0.010255531234
葛夕性格,怕,-1.37681821823
葛夕性格,离婚,-0.340345729153
葛夕性格,不到,-1.56278697058
葛夕性格,恋爱,0.235222061901
葛夕性格,独立,1.58237352948
葛夕性格,美丽,2.80266121728
葛夕性格,值得,2.36084310759
葛夕性格,爱人,1.9606614446
葛夕性格,朋友,0.997629821831
葛夕性格,喜欢,2.3566957262
葛夕性格,落落大方,2.72114901945
葛夕性格,直肠子,-1.39964315945
葛夕性格,特别,0.324544227082
葛夕性格,好,2.07329376355
葛夕性格,爱人,1.9606614446
葛夕性格,爱人,1.9606614446
葛夕性格,离开,-0.490704168434
葛夕性格,完全,-0.732156895064
葛夕性格,气势,1.08319864299
葛夕性格,奇怪,-1.5193253102
葛夕性格,完全,-0.732156895064
葛夕性格,完成,1.5153090997
葛夕性格,离婚,-0.340345729153
葛夕性格,依赖,0.96855096731
葛夕性格,自我,0.484853567827
葛夕性格,独立,1.58237352948
葛夕性格,独立,1.58237352948
葛夕性格,缺少,-0.20092835535
葛夕性格,精神,-0.322828622668
葛夕性格,分歧,0.0474236163683
葛夕性格,问题,-1.12998368608
葛夕性格,相当,0.832530449103
葛夕性格,好,2.07329376355
葛夕性格,基本,1.0
葛夕性格,清晰,0.690545570953
葛夕性格,罪魁祸首,-2.74006473195
葛夕性格,不惜,0.548644737129
葛夕性格,希望,1.03220855601
葛夕性格,好,2.07329376355
葛夕性格,参加,1.18878381931
葛夕性格,派头,1.12771799229
葛夕性格,参加,1.18878381931
葛夕性格,有钱,-0.596104427648
葛夕性格,爱人,1.9606614446
葛夕性格,有意思,0.745766966504
葛夕性格,独立,1.58237352948
葛夕性格,偏爱,1.02421590077
葛夕性格,可爱,2.5488941332
葛夕性格,花里胡哨,-0.189076173513
葛夕性格,正好,0.850593145973
葛夕性格,相反,-0.457753512031
葛夕性格,其实,0.162622900364
葛夕性格,温柔,2.0
葛夕性格,软弱,-0.124513080269
葛夕性格,强大,2.6405376804
葛夕性格,蠢,-1.24456036241
葛夕性格,通透,2.0
葛夕性格,希望,1.03220855601
葛夕性格,达到,1.51074700685
葛夕性格,理想,2.25142928373
葛夕性格,通透,2.0
葛夕性格,好,2.07329376355
葛夕性格,心疼,-1.24599279362
葛夕性格,原来,-0.293616919899
葛夕性格,抑郁,-1.97635827394
葛夕性格,知道,-0.316330302785
葛夕性格,无病呻吟,-2.0
葛夕性格,善良,1.25682766731
葛夕性格,心机,0.225889520456
葛夕性格,善良,1.25682766731
葛夕性格,考虑,-0.264632813368
葛夕性格,不好,-1.38899748421
葛夕性格,依赖,0.96855096731
葛夕性格,聪明,1.07600790464
葛夕性格,其实,0.162622900364
葛夕性格,聪明,1.07600790464
葛夕性格,美貌,1.86903161791
葛夕性格,好,2.07329376355
葛夕性格,其实,0.162622900364
葛夕性格,受不了,-2.88819799243
葛夕性格,惊喜,2.75810691181
葛夕性格,喜欢,2.3566957262
葛夕性格,委屈,-1.79414553611
葛夕性格,离开,-0.490704168434
葛夕性格,离婚,-0.340345729153
葛夕性格,喜欢,2.3566957262
葛夕性格,离开,-0.490704168434
葛夕性格,其实,0.162622900364
葛夕性格,开心,2.61234173173
葛夕性格,喜欢,2.3566957262
葛夕性格,希望,1.03220855601
葛夕性格,乖巧,1.37488119139
葛夕性格,听话,0.971666746726
葛夕性格,习惯,-0.334933436221
葛夕性格,隐藏,0.443094844787
葛夕性格,真实,0.498339439486
葛夕性格,攻击性,-0.952593013387
葛夕性格,肆无忌惮,0.436193932328
葛夕性格,开炮,0.0571795116735
葛夕性格,吸引,1.35125947597
葛夕性格,不好,-1.38899748421
葛夕性格,美化,1.25581889961
葛夕性格,关心,0.679321823175
葛夕性格,问题,-1.12998368608
葛夕性格,喜欢,2.3566957262
葛夕性格,讨厌,-3.21533460349
葛夕性格,干涉,-1.27974899549
葛夕性格,主动,0.291552684778
葛夕性格,喜欢,2.3566957262
葛夕性格,喜欢,2.3566957262
葛夕性格,讨厌,-3.21533460349
葛夕性格,干,-1.03530945922
葛夕性格,十恶不赦,-2.0
葛夕性格,成为,1.47322230702
葛夕性格,公敌,-0.241253829551
葛夕性格,门当户对,-0.137838779713
葛夕性格,门当户对,-0.137838779713
葛夕性格,喜欢,2.3566957262
葛夕性格,喜欢,2.3566957262
葛夕性格,攻击性,-0.952593013387
葛夕性格,向往,1.48299505692
葛夕性格,希望,1.03220855601
葛夕性格,乖巧,1.37488119139
葛夕性格,听话,0.971666746726
葛夕性格,习惯,-0.334933436221
葛夕性格,隐藏,0.443094844787
葛夕性格,真实,0.498339439486
葛夕性格,攻击性,-0.952593013387
葛夕性格,肆无忌惮,0.436193932328
葛夕性格,开炮,0.0571795116735
葛夕性格,吸引,1.35125947597
葛夕性格,喜欢,2.3566957262
葛夕性格,喜欢,2.3566957262
葛夕性格,讨厌,-3.21533460349
葛夕性格,干涉,-1.27974899549
葛夕性格,主动,0.291552684778
葛夕性格,喜欢,2.3566957262
葛夕性格,满意,2.8393788785
葛夕性格,离婚,-0.340345729153
葛夕性格,惋惜,-0.507645590611
葛夕性格,没想到,-0.133712410973
葛夕性格,离婚,-0.340345729153
葛夕性格,可能,-0.170657040911
葛夕性格,不到,-1.56278697058
葛夕性格,包容,2.8739979373
葛夕性格,可能,-0.170657040911
葛夕性格,不到,-1.56278697058
葛夕性格,迁就,1.06739688179
葛夕性格,包容,2.8739979373
葛夕性格,其实,0.162622900364
葛夕性格,喜欢,2.3566957262
葛夕性格,好奇,-0.0385381300721
葛夕性格,超过,-0.318351738025
葛夕性格,不到,-1.56278697058
葛夕性格,智慧,2.0
葛夕性格,好奇,-0.0385381300721
葛夕性格,超过,-0.318351738025
葛夕性格,不到,-1.56278697058
葛夕性格,智慧,2.0
葛夕性格,喜欢,2.3566957262
葛夕性格,喜欢,2.3566957262
葛夕性格,不好,-1.38899748421
葛夕性格,不好,-1.38899748421
葛夕性格,讨厌,-3.21533460349
葛夕性格,原来,-0.293616919899
葛夕性格,喜欢,2.3566957262
葛夕性格,讨厌,-3.21533460349
葛夕性格,很多,0.590056545724
葛夕性格,问题,-1.12998368608
刘爽性格,爱人,1.9606614446
刘爽性格,知道,-0.316330302785
刘爽性格,老实,-0.796594876619
刘爽性格,想不到,0.133867789894
刘爽性格,娱乐,1.28942540249
刘爽性格,喜欢,2.3566957262
刘爽性格,爱人,1.9606614446
刘爽性格,深切,-0.795983800341
刘爽性格,背后,0.177032721238
刘爽性格,复杂,-0.94154771491
刘爽性格,显著,1.31873361828
刘爽性格,差异,-0.186235573727
刘爽性格,差异,-0.186235573727
刘爽性格,矛盾,-1.81922264507
刘爽性格,不断,0.353469863518
刘爽性格,给予,2.17166638403
刘爽性格,爱人,1.9606614446
刘爽性格,痛苦,-1.96860153407
刘爽性格,可能,-0.170657040911
刘爽性格,懒,-0.34031178925
刘爽性格,真正,0.817764079044
刘爽性格,很多,0.590056545724
刘爽性格,同意,0.010255531234
刘爽性格,喜欢,2.3566957262
刘爽性格,正面,0.968185254901
刘爽性格,爱人,1.9606614446
刘爽性格,不是,-2.0
刘爽性格,好,2.07329376355
刘爽性格,好,2.07329376355
刘爽性格,无微不至,2.11669123072
刘爽性格,天使,1.27003652776
刘爽性格,道歉,-0.971071651341
刘爽性格,通透,2.0
刘爽性格,希望,1.03220855601
刘爽性格,达到,1.51074700685
刘爽性格,理想,2.25142928373
刘爽性格,通透,2.0
刘爽性格,朋友,0.997629821831
刘爽性格,生气,-1.50294149269
刘爽性格,蜜,1.91847140505
刘爽性格,好,2.07329376355
刘爽性格,爱人,1.9606614446
刘爽性格,知道,-0.316330302785
刘爽性格,过分,-3.50845421599
刘爽性格,坦诚,2.0
刘爽性格,坦荡,1.15596921471
刘爽性格,爱人,1.9606614446
刘爽性格,坦诚,2.0
刘爽性格,没事,-0.800074747854
刘爽性格,喜欢,2.3566957262
刘爽性格,偏要,2.0
刘爽性格,反驳,-0.505857419468
刘爽性格,其实,0.162622900364
刘爽性格,乐趣,1.53814299469
刘爽性格,享受,2.35015237066
刘爽性格,漫不经心,0.0253181159031
刘爽性格,崩溃,-3.62508466442
刘爽性格,不断,0.353469863518
刘爽性格,哭诉,-1.19632849393
刘爽性格,爱人,1.9606614446
刘爽性格,爱人,1.9606614446
刘爽性格,特色,1.94599461468
刘爽性格,很多,0.590056545724
刘爽性格,好,2.07329376355
刘爽性格,信任,0.734662253848
刘爽性格,吹牛,-0.132821005437
刘爽性格,头头是道,-1.02568617756
刘爽性格,好,2.07329376355
刘爽性格,爱人,1.9606614446
刘爽性格,道歉,-0.971071651341
刘爽性格,爱人,1.9606614446
刘爽性格,多嘴,-2.29286989093
刘爽性格,道歉,-0.971071651341
刘爽性格,自责,-1.95356555867
刘爽性格,爱人,1.9606614446
刘爽性格,假装,-0.381787341398
刘爽性格,过瘾,1.94449880725
刘爽性格,犀利,1.26707661598
刘爽性格,毫不留情,-1.05562568607
刘爽性格,痛快,-0.770497651329
刘爽性格,实在,0.507501042206
刘爽性格,佩服,0.397433239173
刘爽性格,原来,-0.293616919899
刘爽性格,犀利,1.26707661598
刘爽性格,爱人,1.9606614446
刘爽性格,爱人,1.9606614446
刘爽性格,祝福,3.39174431121
刘爽性格,重要,2.0
刘爽性格,突然,-0.978321592012
刘爽性格,明白,0.267604858984
刘爽性格,完全,-0.732156895064
刘爽性格,突然,-0.978321592012
刘爽性格,明白,0.267604858984
刘爽性格,完全,-0.732156895064
刘爽性格,讨厌,-3.21533460349
刘爽性格,讨厌,-3.21533460349
刘爽性格,似乎,-2.0
刘爽性格,明白,0.267604858984
刘爽性格,爱人,1.9606614446
刘爽性格,严重,-2.54901742563
刘爽性格,缺陷,0.00330266583543
刘爽性格,品行,0.544322812049
刘爽性格,问题,-1.12998368608
刘爽性格,骂,-0.907804124384
刘爽性格,骂,-0.907804124384
刘爽性格,骂,-0.907804124384
刘爽性格,可笑,-0.309265992924
刘爽性格,超绝,1.75942254769
刘爽性格,一致,0.711174887967
刘爽性格,完美,2.68974963814
刘爽性格,爱人,1.9606614446
刘爽性格,不见,-0.309332670253
刘爽性格,焦急,-2.0
刘爽性格,反复,-0.352456500739
刘爽性格,追问,-0.573648637353
刘爽性格,其实,0.162622900364
刘爽性格,拥有,2.24467970268
刘爽性格,其实,0.162622900364
刘爽性格,理解,-0.34977485493
刘爽性格,好,2.07329376355
刘爽性格,完美,2.68974963814
刘爽性格,经济,0.36144022735
刘爽性格,好,2.07329376355
刘爽性格,恶心,-3.12962238015
刘爽性格,实实在在,1.03201835736
刘爽性格,自私,-1.28219723901
刘爽性格,厚脸皮,-0.321897190462
刘爽性格,可能,-0.170657040911
刘爽性格,轻松,2.5093882654
